Area,Herbivory
35.7,11.31368738
29.5,12.91730572
33.5,16.63345699
34.8,9.033269874
36.2,27.91340281
32.7,4.370105196
35.4,31.25939707
38.4,13.38766809
26.5,28.93649757
26.6,6.235640724